NSGA3,NSGA4
"[0.2285689217814733, 0.3109878365123801, 0.34337736153609366, 0.3590423038134095, 0.3471914015606846, 0.1763440283962805, 0.34213641641795256, 0.43143935394030447, 0.2834475701658253, 0.4807749765338163, 0.2609058350536448, 0.3299394553516204, 0.404318612946504, 0.3791062500897928, 0.42521730668295, 0.6115133040644519, 0.4623886956529522, 0.6380159419784157]","[0.18500748895491786, 0.2304528896481314, 0.217288193817546, 0.2576630248102659, 0.2764736307393291, 0.29322913382887356, 0.3068624062307572, 0.30106880128588454, 0.20843214495575033, 0.28185769567080887, 0.22777289728069855, 0.2668404745583026, 0.2694691605293106, 0.2778384364794537, 0.2520354973297976, 0.30937818855093363, 0.29095721885545667, 0.256624524360208]"
